"aa","bb","cc"
"hh",3,0.837048250252761
"hh",4,1.0239344591583
