"aa","bb","cc"
"gg",1,0.282011003891073
"gg",2,0.287933716092292
