"aa","bb","cc"
"kk",5,0.0177450961469488
"kk",6,1.72399401633023
